{
  "mode": "m1",
  "ratio": null,
  "models": {
    "LinearSVC": {
      "accuracy": 0.6751873071837814,
      "macro_avg": {
        "precision": 0.3477219816120232,
        "recall": 0.34548277467560273,
        "f1-score": 0.3304985131945604,
        "support": 2269.0
      },
      "weighted_avg": {
        "precision": 0.6203672871314453,
        "recall": 0.6751873071837814,
        "f1-score": 0.6277863880076915,
        "support": 2269.0
      },
      "top_k": {}
    },
    "ClassWeightedSVC": {
      "accuracy": 0.5557514323490524,
      "macro_avg": {
        "precision": 0.31629606027952845,
        "recall": 0.36934535692927895,
        "f1-score": 0.32019329939790847,
        "support": 2269.0
      },
      "weighted_avg": {
        "precision": 0.6541120329283957,
        "recall": 0.5557514323490524,
        "f1-score": 0.5459225812744946,
        "support": 2269.0
      },
      "top_k": {}
    },
    "LogisticRegression": {
      "accuracy": 0.5826355222565006,
      "macro_avg": {
        "precision": 0.2238848289270696,
        "recall": 0.1889230400922879,
        "f1-score": 0.1874687788007915,
        "support": 2269.0
      },
      "weighted_avg": {
        "precision": 0.5042247544170283,
        "recall": 0.5826355222565006,
        "f1-score": 0.5056485680175075,
        "support": 2269.0
      },
      "top_k": {}
    },
    "CodeBERT": {
      "accuracy": 0.5178329571106095,
      "macro_avg": {
        "precision": 0.09686205411759602,
        "recall": 0.12463274740918397,
        "f1-score": 0.10018779482724222,
        "support": 2215.0
      },
      "weighted_avg": {
        "precision": 0.3875860869062017,
        "recall": 0.5178329571106095,
        "f1-score": 0.4275606693332661,
        "support": 2215.0
      },
      "top_k": {
        "top_1_accuracy": 0.5178329571106095,
        "top_3_accuracy": 0.6541760722347629,
        "top_5_accuracy": 0.6952595936794582
      }
    },
    "BiLSTM": {
      "accuracy": 0.36343115124153497,
      "macro_avg": {
        "precision": 0.04050250639586254,
        "recall": 0.05694777044513163,
        "f1-score": 0.04155039788780889,
        "support": 2215.0
      },
      "weighted_avg": {
        "precision": 0.28314769198724615,
        "recall": 0.36343115124153497,
        "f1-score": 0.30139950422782646,
        "support": 2215.0
      },
      "top_k": {}
    },
    "CNN": {
      "accuracy": 0.6582392776523702,
      "macro_avg": {
        "precision": 0.32938750565023134,
        "recall": 0.333862873944759,
        "f1-score": 0.31642087436694377,
        "support": 2215.0
      },
      "weighted_avg": {
        "precision": 0.6179165304602734,
        "recall": 0.6582392776523702,
        "f1-score": 0.6245349558868976,
        "support": 2215.0
      },
      "top_k": {}
    },
    "Ensemble": {
      "accuracy": 0.5976200969590127,
      "macro_avg": {
        "precision": 0.23747002744059545,
        "recall": 0.20828220823880048,
        "f1-score": 0.20541813598993283,
        "support": 2269.0
      },
      "weighted_avg": {
        "precision": 0.5162971398548123,
        "recall": 0.5976200969590127,
        "f1-score": 0.5221298106463974,
        "support": 2269.0
      },
      "top_k": {}
    }
  }
}