{
  "mode": "m1",
  "ratio": null,
  "model": "ClassWeightedSVC",
  "accuracy": 0.5557514323490524,
  "macro_avg": {
    "precision": 0.31629606027952845,
    "recall": 0.36934535692927895,
    "f1-score": 0.32019329939790847,
    "support": 2269.0
  },
  "weighted_avg": {
    "precision": 0.6541120329283957,
    "recall": 0.5557514323490524,
    "f1-score": 0.5459225812744946,
    "support": 2269.0
  },
  "top_k": {},
  "train_rows": 18148,
  "test_rows": 2269,
  "aug_only": false,
  "smote_target_count": null,
  "synthetic_weight": null,
  "synthetic_rows": null
}