{
  "mode": "m1",
  "ratio": null,
  "model": "CNN",
  "accuracy": 0.6582392776523702,
  "macro_avg": {
    "precision": 0.32938750565023134,
    "recall": 0.333862873944759,
    "f1-score": 0.31642087436694377,
    "support": 2215.0
  },
  "weighted_avg": {
    "precision": 0.6179165304602734,
    "recall": 0.6582392776523702,
    "f1-score": 0.6245349558868976,
    "support": 2215.0
  },
  "top_k": {},
  "train_rows": 18148,
  "test_rows": 2269,
  "aug_only": false,
  "smote_target_count": null,
  "synthetic_weight": null,
  "synthetic_rows": null
}