{
  "mode": "m2",
  "ratio": "r10",
  "model": "CNN",
  "accuracy": 0.6609480812641083,
  "macro_avg": {
    "precision": 0.3442056643993043,
    "recall": 0.34846742498955735,
    "f1-score": 0.3281162402596278,
    "support": 2215.0
  },
  "weighted_avg": {
    "precision": 0.6329682254696491,
    "recall": 0.6609480812641083,
    "f1-score": 0.630112484672011,
    "support": 2215.0
  },
  "top_k": {},
  "train_rows": 18303,
  "test_rows": 2269,
  "aug_only": false,
  "smote_target_count": null,
  "synthetic_weight": 0.3,
  "synthetic_rows": 155
}