{
  "mode": "m2",
  "ratio": "r25",
  "models": {
    "LinearSVC": {
      "accuracy": 0.6743058616130454,
      "macro_avg": {
        "precision": 0.34236965744319403,
        "recall": 0.3429774003131626,
        "f1-score": 0.32690665532394597,
        "support": 2269.0
      },
      "weighted_avg": {
        "precision": 0.6184769549306846,
        "recall": 0.6743058616130454,
        "f1-score": 0.6265951312154588,
        "support": 2269.0
      },
      "top_k": {}
    },
    "ClassWeightedSVC": {
      "accuracy": 0.5557514323490524,
      "macro_avg": {
        "precision": 0.3171169983378594,
        "recall": 0.36917315325777994,
        "f1-score": 0.3210092675323369,
        "support": 2269.0
      },
      "weighted_avg": {
        "precision": 0.6511737819623792,
        "recall": 0.5557514323490524,
        "f1-score": 0.5454685019179079,
        "support": 2269.0
      },
      "top_k": {}
    },
    "LogisticRegression": {
      "accuracy": 0.5839576906126047,
      "macro_avg": {
        "precision": 0.2239161376537245,
        "recall": 0.19008071375398736,
        "f1-score": 0.1884982134641343,
        "support": 2269.0
      },
      "weighted_avg": {
        "precision": 0.5042443791029437,
        "recall": 0.5839576906126047,
        "f1-score": 0.5067165662791269,
        "support": 2269.0
      },
      "top_k": {}
    },
    "CodeBERT": {
      "accuracy": 0.5164785553047404,
      "macro_avg": {
        "precision": 0.0919664429808515,
        "recall": 0.12008450661960983,
        "f1-score": 0.09504241911117696,
        "support": 2215.0
      },
      "weighted_avg": {
        "precision": 0.3831860842605172,
        "recall": 0.5164785553047404,
        "f1-score": 0.42395340493532385,
        "support": 2215.0
      },
      "top_k": {
        "top_1_accuracy": 0.5164785553047404,
        "top_3_accuracy": 0.6347629796839729,
        "top_5_accuracy": 0.6803611738148985
      }
    },
    "BiLSTM": {
      "accuracy": 0.4203160270880361,
      "macro_avg": {
        "precision": 0.057720095402663374,
        "recall": 0.0768978904546374,
        "f1-score": 0.05893833462964981,
        "support": 2215.0
      },
      "weighted_avg": {
        "precision": 0.31317782304574127,
        "recall": 0.4203160270880361,
        "f1-score": 0.34257585760824116,
        "support": 2215.0
      },
      "top_k": {}
    },
    "CNN": {
      "accuracy": 0.6641083521444695,
      "macro_avg": {
        "precision": 0.344269970863389,
        "recall": 0.3473709036402171,
        "f1-score": 0.3296307862834804,
        "support": 2215.0
      },
      "weighted_avg": {
        "precision": 0.6281926882881627,
        "recall": 0.6641083521444695,
        "f1-score": 0.6317785248171953,
        "support": 2215.0
      },
      "top_k": {}
    },
    "Ensemble": {
      "accuracy": 0.5976200969590127,
      "macro_avg": {
        "precision": 0.2378364478620643,
        "recall": 0.20805043322420408,
        "f1-score": 0.205348389178415,
        "support": 2269.0
      },
      "weighted_avg": {
        "precision": 0.5166760834207134,
        "recall": 0.5976200969590127,
        "f1-score": 0.5220218698965254,
        "support": 2269.0
      },
      "top_k": {}
    }
  },
  "aug_only": false,
  "synthetic_rows": 162,
  "synthetic_weight": 0.3
}