{
  "mode": "m2",
  "ratio": "r50",
  "model": "LogisticRegression",
  "accuracy": 0.5826355222565006,
  "macro_avg": {
    "precision": 0.2234710131918621,
    "recall": 0.18868894931874466,
    "f1-score": 0.18721439365464948,
    "support": 2269.0
  },
  "weighted_avg": {
    "precision": 0.5034232190925091,
    "recall": 0.5826355222565006,
    "f1-score": 0.5052976654228,
    "support": 2269.0
  },
  "top_k": {},
  "train_rows": 18308,
  "test_rows": 2269,
  "aug_only": false,
  "smote_target_count": null,
  "synthetic_weight": 0.3,
  "synthetic_rows": 160
}