{
  "mode": "m2",
  "ratio": "r50",
  "model": "CNN",
  "accuracy": 0.6564334085778781,
  "macro_avg": {
    "precision": 0.31312543067855364,
    "recall": 0.3241936671375534,
    "f1-score": 0.30312998423396154,
    "support": 2215.0
  },
  "weighted_avg": {
    "precision": 0.6237919629885261,
    "recall": 0.6564334085778781,
    "f1-score": 0.6259209057986426,
    "support": 2215.0
  },
  "top_k": {},
  "train_rows": 18308,
  "test_rows": 2269,
  "aug_only": false,
  "smote_target_count": null,
  "synthetic_weight": 0.3,
  "synthetic_rows": 160
}