{
  "mode": "m2",
  "ratio": "r10",
  "model": "LinearSVC",
  "accuracy": 0.6747465843984134,
  "macro_avg": {
    "precision": 0.3497416669663787,
    "recall": 0.3453851878069165,
    "f1-score": 0.3315415566332441,
    "support": 2269.0
  },
  "weighted_avg": {
    "precision": 0.621467214923202,
    "recall": 0.6747465843984134,
    "f1-score": 0.6281892036218726,
    "support": 2269.0
  },
  "top_k": {},
  "train_rows": 18303,
  "test_rows": 2269,
  "aug_only": false,
  "smote_target_count": null,
  "synthetic_weight": 0.3,
  "synthetic_rows": 155
}