{
  "mode": "m2",
  "ratio": "r05",
  "model": "ClassWeightedSVC",
  "accuracy": 0.5561921551344204,
  "macro_avg": {
    "precision": 0.3174783734718534,
    "recall": 0.36736129972778603,
    "f1-score": 0.32011714568696215,
    "support": 2269.0
  },
  "weighted_avg": {
    "precision": 0.6545710551318056,
    "recall": 0.5561921551344204,
    "f1-score": 0.5465694998653663,
    "support": 2269.0
  },
  "top_k": {},
  "train_rows": 18299,
  "test_rows": 2269,
  "aug_only": false,
  "smote_target_count": null,
  "synthetic_weight": 0.3,
  "synthetic_rows": 151
}