{
  "mode": "m2",
  "ratio": "r25",
  "model": "LogisticRegression",
  "accuracy": 0.5839576906126047,
  "macro_avg": {
    "precision": 0.2239161376537245,
    "recall": 0.19008071375398736,
    "f1-score": 0.1884982134641343,
    "support": 2269.0
  },
  "weighted_avg": {
    "precision": 0.5042443791029437,
    "recall": 0.5839576906126047,
    "f1-score": 0.5067165662791269,
    "support": 2269.0
  },
  "top_k": {},
  "train_rows": 18310,
  "test_rows": 2269,
  "aug_only": false,
  "smote_target_count": null,
  "synthetic_weight": 0.3,
  "synthetic_rows": 162
}