{
  "mode": "m2",
  "ratio": "r25",
  "model": "ClassWeightedSVC",
  "accuracy": 0.5557514323490524,
  "macro_avg": {
    "precision": 0.3171169983378594,
    "recall": 0.36917315325777994,
    "f1-score": 0.3210092675323369,
    "support": 2269.0
  },
  "weighted_avg": {
    "precision": 0.6511737819623792,
    "recall": 0.5557514323490524,
    "f1-score": 0.5454685019179079,
    "support": 2269.0
  },
  "top_k": {},
  "train_rows": 18310,
  "test_rows": 2269,
  "aug_only": false,
  "smote_target_count": null,
  "synthetic_weight": 0.3,
  "synthetic_rows": 162
}