{
  "mode": "m2",
  "ratio": "r05",
  "model": "BiLSTM",
  "accuracy": 0.3860045146726862,
  "macro_avg": {
    "precision": 0.04639593002194591,
    "recall": 0.059531034736554585,
    "f1-score": 0.04562187451584217,
    "support": 2215.0
  },
  "weighted_avg": {
    "precision": 0.2814108628528707,
    "recall": 0.3860045146726862,
    "f1-score": 0.31080295420461646,
    "support": 2215.0
  },
  "top_k": {},
  "train_rows": 18299,
  "test_rows": 2269,
  "aug_only": false,
  "smote_target_count": null,
  "synthetic_weight": 0.3,
  "synthetic_rows": 151
}