{
  "mode": "m2",
  "ratio": "r25",
  "model": "LinearSVC",
  "accuracy": 0.6743058616130454,
  "macro_avg": {
    "precision": 0.34236965744319403,
    "recall": 0.3429774003131626,
    "f1-score": 0.32690665532394597,
    "support": 2269.0
  },
  "weighted_avg": {
    "precision": 0.6184769549306846,
    "recall": 0.6743058616130454,
    "f1-score": 0.6265951312154588,
    "support": 2269.0
  },
  "top_k": {},
  "train_rows": 18310,
  "test_rows": 2269,
  "aug_only": false,
  "smote_target_count": null,
  "synthetic_weight": 0.3,
  "synthetic_rows": 162
}