{
  "mode": "m1",
  "ratio": null,
  "models": {
    "CodeBERT": {
      "accuracy": 0.7978732490604715,
      "macro_avg": {
        "precision": 0.41948826417951174,
        "recall": 0.3577918926885321,
        "f1-score": 0.36906892896966054,
        "support": 23416.0
      },
      "weighted_avg": {
        "precision": 0.7843394167383381,
        "recall": 0.7978732490604715,
        "f1-score": 0.7824282506122632,
        "support": 23416.0
      },
      "top_k": {
        "top_1_accuracy": 0.7978732490604715,
        "top_3_accuracy": 0.8809361120601298,
        "top_5_accuracy": 0.9035702084045097
      }
    },
    "BiLSTM": {
      "accuracy": 0.8310556884181756,
      "macro_avg": {
        "precision": 0.4983032736311918,
        "recall": 0.45044541156490125,
        "f1-score": 0.45580990269397503,
        "support": 23416.0
      },
      "weighted_avg": {
        "precision": 0.8290016064480478,
        "recall": 0.8310556884181756,
        "f1-score": 0.8230958687055218,
        "support": 23416.0
      },
      "top_k": {}
    },
    "CNN": {
      "accuracy": 0.82435087119918,
      "macro_avg": {
        "precision": 0.49053651658613207,
        "recall": 0.46788633743443725,
        "f1-score": 0.4605789828866859,
        "support": 23416.0
      },
      "weighted_avg": {
        "precision": 0.8224837178797005,
        "recall": 0.82435087119918,
        "f1-score": 0.8172987440655505,
        "support": 23416.0
      },
      "top_k": {}
    }
  }
}