{
  "mode": "m1",
  "ratio": null,
  "model": "BiLSTM",
  "accuracy": 0.8310556884181756,
  "macro_avg": {
    "precision": 0.4983032736311918,
    "recall": 0.45044541156490125,
    "f1-score": 0.45580990269397503,
    "support": 23416.0
  },
  "weighted_avg": {
    "precision": 0.8290016064480478,
    "recall": 0.8310556884181756,
    "f1-score": 0.8230958687055218,
    "support": 23416.0
  },
  "top_k": {},
  "train_rows": 187997,
  "test_rows": 23501,
  "aug_only": false,
  "smote_target_count": null,
  "synthetic_weight": null,
  "synthetic_rows": null
}