{
  "mode": "m1",
  "ratio": null,
  "model": "ClassWeightedSVC",
  "accuracy": 0.7374579805114676,
  "macro_avg": {
    "precision": 0.3023480461760888,
    "recall": 0.4473718883960871,
    "f1-score": 0.34608441999812,
    "support": 23501.0
  },
  "weighted_avg": {
    "precision": 0.8438459387340903,
    "recall": 0.7374579805114676,
    "f1-score": 0.7571540818908004,
    "support": 23501.0
  },
  "top_k": {},
  "train_rows": 187997,
  "test_rows": 23501,
  "aug_only": false,
  "smote_target_count": null,
  "synthetic_weight": null,
  "synthetic_rows": null
}