{
  "mode": "m2",
  "ratio": "r05",
  "model": "CodeBERT",
  "accuracy": 0.796933720532969,
  "macro_avg": {
    "precision": 0.4134420528551696,
    "recall": 0.3462555159953278,
    "f1-score": 0.36017298741790194,
    "support": 23416.0
  },
  "weighted_avg": {
    "precision": 0.7825568484970143,
    "recall": 0.796933720532969,
    "f1-score": 0.7804265536041411,
    "support": 23416.0
  },
  "top_k": {
    "top_1_accuracy": 0.796933720532969,
    "top_3_accuracy": 0.8776477622138709,
    "top_5_accuracy": 0.9010078578749573
  },
  "train_rows": 188117,
  "test_rows": 23501,
  "aug_only": false,
  "smote_target_count": null,
  "synthetic_weight": 0.3,
  "synthetic_rows": 120
}