{
  "mode": "m2",
  "ratio": "r50",
  "model": "CNN",
  "accuracy": 0.8217458148274684,
  "macro_avg": {
    "precision": 0.4922886006035013,
    "recall": 0.4765118136873246,
    "f1-score": 0.4644844767299918,
    "support": 23416.0
  },
  "weighted_avg": {
    "precision": 0.8231613461804435,
    "recall": 0.8217458148274684,
    "f1-score": 0.8164512203373261,
    "support": 23416.0
  },
  "top_k": {},
  "train_rows": 188110,
  "test_rows": 23501,
  "aug_only": false,
  "smote_target_count": null,
  "synthetic_weight": 0.3,
  "synthetic_rows": 113
}