{
  "mode": "m2",
  "ratio": "r25",
  "model": "CNN",
  "accuracy": 0.8291339255210113,
  "macro_avg": {
    "precision": 0.5011217110441367,
    "recall": 0.4719143965674357,
    "f1-score": 0.46932673032665084,
    "support": 23416.0
  },
  "weighted_avg": {
    "precision": 0.8264380620368219,
    "recall": 0.8291339255210113,
    "f1-score": 0.8215437952699809,
    "support": 23416.0
  },
  "top_k": {},
  "train_rows": 188120,
  "test_rows": 23501,
  "aug_only": false,
  "smote_target_count": null,
  "synthetic_weight": 0.3,
  "synthetic_rows": 123
}