{
  "mode": "m2",
  "ratio": "r10",
  "model": "LinearSVC",
  "accuracy": 0.8851538232415642,
  "macro_avg": {
    "precision": 0.5537126864747943,
    "recall": 0.5038974920155139,
    "f1-score": 0.5153283884904456,
    "support": 23501.0
  },
  "weighted_avg": {
    "precision": 0.8753736134744851,
    "recall": 0.8851538232415642,
    "f1-score": 0.8760273565634602,
    "support": 23501.0
  },
  "top_k": {},
  "train_rows": 188105,
  "test_rows": 23501,
  "aug_only": false,
  "smote_target_count": null,
  "synthetic_weight": 0.3,
  "synthetic_rows": 108
}