{
  "mode": "m2",
  "ratio": "r25",
  "model": "BiLSTM",
  "accuracy": 0.8337461564742057,
  "macro_avg": {
    "precision": 0.49459757832945556,
    "recall": 0.4496282031156164,
    "f1-score": 0.4541305721645382,
    "support": 23416.0
  },
  "weighted_avg": {
    "precision": 0.8308911422470809,
    "recall": 0.8337461564742057,
    "f1-score": 0.8250062956043042,
    "support": 23416.0
  },
  "top_k": {},
  "train_rows": 188120,
  "test_rows": 23501,
  "aug_only": false,
  "smote_target_count": null,
  "synthetic_weight": 0.3,
  "synthetic_rows": 123
}