{
  "mode": "m2",
  "ratio": "r10",
  "model": "LogisticRegression",
  "accuracy": 0.8348155397642654,
  "macro_avg": {
    "precision": 0.3995383774514433,
    "recall": 0.2874055765948016,
    "f1-score": 0.32001499197145616,
    "support": 23501.0
  },
  "weighted_avg": {
    "precision": 0.8106985992990953,
    "recall": 0.8348155397642654,
    "f1-score": 0.8102303567675726,
    "support": 23501.0
  },
  "top_k": {},
  "train_rows": 188105,
  "test_rows": 23501,
  "aug_only": false,
  "smote_target_count": null,
  "synthetic_weight": 0.3,
  "synthetic_rows": 108
}